{
  "total_return": 3.137359889764995,
  "cagr": 0.09273747260495391,
  "volatility": 0.10782479696459062,
  "sharpe": 0.8768008666096012,
  "sortino": 1.139580902077882,
  "max_drawdown": -0.2240789442061355,
  "win_rate": 0.0,
  "number_of_trades": 0,
  "trade_count": 0,
  "exposure": 0.0,
  "psr": 0.9997475243459395,
  "windows": 16,
  "positive_window_rate": 0.875
}
